name,xl,xr,yt,yb
someName,-25.3125,22.5,47.517193,31.353634
anotherName,-103.359375,-0.703125,80.87282,74.40216
